like,title,reply_num,article_url,publish_date,crawl_time
,水木二十庆生，官方微博、微信抽奖开幕啦~~,6,http://www.newsmth.net/nForum/article/CouponsLife/1928882,2015-08-05,2015-09-04 12:36:30
,羊毛版交流群,29,http://www.newsmth.net/nForum/article/CouponsLife/1732723,2015-04-02,2015-09-04 12:36:30
,那些年我们买到的史低价,39,http://www.newsmth.net/nForum/article/CouponsLife/1656111,2015-02-14,2015-09-04 12:36:30
,但凡互点的帖子移步羊毛交换版,0,http://www.newsmth.net/nForum/article/CouponsLife/1570335,2015-09-04 2014-12-27,2015-09-04 12:36:30
,代下黑名单，请版友参考,22,http://www.newsmth.net/nForum/article/CouponsLife/1407043,2015-09-04 2014-10-18,2015-09-04 12:36:31
,《羊毛版版面福利活动商家参与方式（试行版）》,10,http://www.newsmth.net/nForum/article/CouponsLife/1144100,2015-09-04 2014-05-28,2015-09-04 12:36:31
,辣妈羊毛党版面福利活动说明,17,http://www.newsmth.net/nForum/article/CouponsLife/1144094,2015-09-04 2014-05-28,2015-09-04 12:36:31
,进版必读,0,http://www.newsmth.net/nForum/article/CouponsLife/826985,2015-09-04 2013-12-09,2015-09-04 12:36:31
,审核通过CouponsLife版治版方针,0,http://www.newsmth.net/nForum/article/CouponsLife/988766,2015-09-04 2014-02-26,2015-09-04 12:36:32
4,辣妈羊毛党的由来及入党宣言,1,http://www.newsmth.net/nForum/article/CouponsLife/364566,2015-09-04 2013-03-05,2015-09-04 12:36:32
,在天猫超市居然买到了假的舒洁手纸,4,http://www.newsmth.net/nForum/article/CouponsLife/1964636,2015-09-04 12:02:36,2015-09-04 12:36:32
,求京东牛奶晒单,4,http://www.newsmth.net/nForum/article/CouponsLife/1964634,2015-09-04 11:59:14,2015-09-04 12:36:32
,歌华有线里居然有巧虎看了,3,http://www.newsmth.net/nForum/article/CouponsLife/1964649,2015-09-04 12:22:02,2015-09-04 12:36:32
,199-40-10买啥呢~,2,http://www.newsmth.net/nForum/article/CouponsLife/1964639,2015-09-04 12:04:51,2015-09-04 12:36:33
,京东白酒节有什么值得买来送长辈的么？,23,http://www.newsmth.net/nForum/article/CouponsLife/1963835,2015-09-03,2015-09-04 12:36:33
,爱丽思555，469可如不,7,http://www.newsmth.net/nForum/article/CouponsLife/1964594,2015-09-04 10:51:59,2015-09-04 12:36:33
,求眉州东坡的羊毛,11,http://www.newsmth.net/nForum/article/CouponsLife/1962930,2015-09-02,2015-09-04 12:36:33
,12306退票改签到15天以后也要手续费了,2,http://www.newsmth.net/nForum/article/CouponsLife/1964608,2015-09-04 11:17:29,2015-09-04 12:36:33
,联通主副卡是不是可以这样？,5,http://www.newsmth.net/nForum/article/CouponsLife/1964395,2015-09-03,2015-09-04 12:36:34
,求天猫华北生鲜10元券领取入口，非新人，谢谢。,0,http://www.newsmth.net/nForum/article/CouponsLife/1964641,2015-09-04 12:12:32,2015-09-04 12:36:34
,求哪里还有我买pc能用的券,1,http://www.newsmth.net/nForum/article/CouponsLife/1964632,2015-09-04 11:53:34,2015-09-04 12:36:34
,199-40,8,http://www.newsmth.net/nForum/article/CouponsLife/1964542,2015-09-04 10:05:12,2015-09-04 12:36:34
7,某东全品类东券、全品类白条，每周领券小结,30,http://www.newsmth.net/nForum/article/CouponsLife/1964254,2015-09-03,2015-09-04 12:36:35
,今天糯米收获,19,http://www.newsmth.net/nForum/article/CouponsLife/1964308,2015-09-03,2015-09-04 12:36:35
,南三环的迷你世界有毛吗,0,http://www.newsmth.net/nForum/article/CouponsLife/1964626,2015-09-04 11:44:22,2015-09-04 12:36:35
,领券防身，奥利奥饼干5元京券,10,http://www.newsmth.net/nForum/article/CouponsLife/1964419,2015-09-04 00:29:07,2015-09-04 12:36:36
,支付宝抢5折美食券和18.8电影票,5,http://www.newsmth.net/nForum/article/CouponsLife/1964564,2015-09-04 10:20:04,2015-09-04 12:36:36
,和天猫客服的对话,5,http://www.newsmth.net/nForum/article/CouponsLife/1964540,2015-09-04 10:03:12,2015-09-04 12:36:36
,鲁花 5S 压榨一级 花生油 4L*2 149.8,17,http://www.newsmth.net/nForum/article/CouponsLife/1963639,2015-09-02,2015-09-04 12:36:36
,味库牛排订单忽然取消了,3,http://www.newsmth.net/nForum/article/CouponsLife/1964454,2015-09-04 06:02:17,2015-09-04 12:36:37
,水木二十庆生，官方微博、微信抽奖开幕啦~~,6,http://www.newsmth.net/nForum/article/CouponsLife/1928882,2015-08-05,2015-09-04 12:36:37
,成功抢到了银联火车票交行-30的羊毛,14,http://www.newsmth.net/nForum/article/CouponsLife/1964464,2015-09-04 07:09:35,2015-09-04 12:36:38
,美团外卖青年菜,6,http://www.newsmth.net/nForum/article/CouponsLife/1964386,2015-09-03,2015-09-04 12:36:38
,今天唯一搞到的羊毛,18,http://www.newsmth.net/nForum/article/CouponsLife/1964434,2015-09-04 00:52:42,2015-09-04 12:36:38
,今年gap还没有活动？,6,http://www.newsmth.net/nForum/article/CouponsLife/1964202,2015-09-03,2015-09-04 12:36:39
,聚划算9月9日有的价格不错,2,http://www.newsmth.net/nForum/article/CouponsLife/1964329,2015-09-03,2015-09-04 12:36:39
,求推荐可以铺整个大床的隔尿垫，谢谢,6,http://www.newsmth.net/nForum/article/CouponsLife/1964446,2015-09-04 03:47:51,2015-09-04 12:36:39
,牛奶毛,6,http://www.newsmth.net/nForum/article/CouponsLife/1964555,2015-09-04 10:11:18,2015-09-04 12:36:39
,味多美阅兵也放假真是好单位,8,http://www.newsmth.net/nForum/article/CouponsLife/1964252,2015-09-03,2015-09-04 12:36:39
,京东买书有毛吗？,0,http://www.newsmth.net/nForum/article/CouponsLife/1964565,2015-09-04 10:20:26,2015-09-04 12:36:40
,看了眼亚麻的鞋单，据说马上发货，明天到,14,http://www.newsmth.net/nForum/article/CouponsLife/1962892,2015-09-02,2015-09-04 12:36:40
,费雪和明德的拼接垫那个好？,0,http://www.newsmth.net/nForum/article/CouponsLife/1964556,2015-09-04 10:12:16,2015-09-04 12:36:40
,Re: 床垫被砍 怎么pk,0,http://www.newsmth.net/nForum/article/CouponsLife/1964547,2015-09-04 10:10:06,2015-09-04 12:36:40
,大牛们 哪里有酒店的毛,1,http://www.newsmth.net/nForum/article/CouponsLife/1964532,2015-09-04 09:52:45,2015-09-04 12:36:41
,拼接的爬行垫那种质量好 没有异味？孩子是过敏体质？,2,http://www.newsmth.net/nForum/article/CouponsLife/1964361,2015-09-03,2015-09-04 12:36:41
,被四道口海鲜狂骗一顿 心情好差！！,25,http://www.newsmth.net/nForum/article/CouponsLife/1963361,2015-09-02,2015-09-04 12:36:41
,安翔里新老用户联通宽带20M，300分钟电话，1680两年。,13,http://www.newsmth.net/nForum/article/CouponsLife/1954720,2015-08-26,2015-09-04 12:36:41
,在糯米团的永和大王电子券手贱给刮开了，还有解吗？,14,http://www.newsmth.net/nForum/article/CouponsLife/1962732,2015-09-02,2015-09-04 12:36:42
,顺丰海淘brita滤芯小毛,13,http://www.newsmth.net/nForum/article/CouponsLife/1964291,2015-09-03,2015-09-04 12:36:42
,京东买的联通36元套餐卡，有身份证通过验证的吗？,13,http://www.newsmth.net/nForum/article/CouponsLife/1964073,2015-09-03,2015-09-04 12:36:42
,本来生活有优惠券啥的么,5,http://www.newsmth.net/nForum/article/CouponsLife/1964338,2015-09-03,2015-09-04 12:36:42
,哪里有快车的毛？,0,http://www.newsmth.net/nForum/article/CouponsLife/1964511,2015-09-04 09:11:30,2015-09-04 12:36:42
,想在网上赔近视眼镜，帮忙推荐个网站吧,8,http://www.newsmth.net/nForum/article/CouponsLife/1964406,2015-09-03,2015-09-04 12:36:43
,快车从机场回来 超级不划算,6,http://www.newsmth.net/nForum/article/CouponsLife/1964224,2015-09-03,2015-09-04 12:36:43
,孩子的nike有没有毛,8,http://www.newsmth.net/nForum/article/CouponsLife/1964137,2015-09-03,2015-09-04 12:36:43
,请问住旅馆用什么网站或者APP啊。,1,http://www.newsmth.net/nForum/article/CouponsLife/1963646,2015-09-02,2015-09-04 12:36:43
,万辣，谁知道今天儿童医院正常门诊吗,3,http://www.newsmth.net/nForum/article/CouponsLife/1964465,2015-09-04 07:16:40,2015-09-04 12:36:44
,为为网有套盛哲卡的内衣还不错。只有73粉色,1,http://www.newsmth.net/nForum/article/CouponsLife/1964445,2015-09-04 03:18:37,2015-09-04 12:36:44
,求问周末郊游包车哪里有优惠？十几个人,2,http://www.newsmth.net/nForum/article/CouponsLife/1964196,2015-09-03,2015-09-04 12:36:44
